,source_id,ra,dec,parallax,pmra,pmdec,bp_rp,phot_g_mean_mag,cluster,prob
1,3218826509427236736,88.44528484123474,0.2609684173772837,2.561378725509828,0.10335348377657616,2.2245508837442625,1.6036091,20.708302,1,0.9039134323620991
5,3218826513723663360,88.44243114891597,0.2612827256466578,1.0837405904629258,0.8538874083281034,-10.06847008713368,1.7446175,15.680859,1,0.9999301493103868
18,3218826788601567360,88.42278269792334,0.2837407198716338,1.816759685493521,-7.0231729845368935,3.1359047743542745,1.357564,14.008632999999998,1,0.9337232932455644
24,3218826853025526784,88.41892385036671,0.2921148469843908,0.6024352050144031,7.101239994546996,0.627356316777703,1.8375263,17.887749,1,0.9999075272248316
25,3218826853027818368,88.41291238266287,0.29175188594831425,2.9492281720804114,-0.6569099872252429,-2.2047622169345584,2.0352287,20.480295,1,0.9998351537030878
35,3218827372717097216,88.49590085786562,0.2881356589281512,1.7929380066617593,-7.790786321126242,13.157859590062444,1.7240113999999995,15.713629,1,0.7851638380002013
36,3218827372717097472,88.49599560799187,0.28738153649002435,1.7989996999599909,-7.897530466010764,13.113882516437766,1.5467787,14.817637,1,0.7888057330238144
51,3218827922472886400,88.54076017098845,0.3211758667391336,3.3578678565745754,-2.9183841727378934,-32.59085728419918,1.2348185,13.977259,1,1.0
64,3218828055615204864,88.45313749522367,0.2768753255069634,-1.4419390033537614,0.059727732644303234,-1.5468159558981285,0.94106674,20.634449,1,0.5610396911917739
66,3218828059910839168,88.45372686917862,0.2808253288258389,2.5854241127483344,-0.9673410323807836,-0.6635419566501497,3.616476,18.825762,1,0.966033622539684
69,3218828089978510464,88.46638317763855,0.286241681752334,3.4404439954545496,5.751619188850452,-16.168315353079837,2.1672382000000003,20.596111,1,1.0
71,3218828094271612416,88.46336081426905,0.2896487686485234,1.8403144917328416,-2.3061994830772456,-4.254501119476517,1.1877803999999998,12.607527,1,0.9951242258606672
74,3218828128630281856,88.48811726821756,0.29126427586853426,1.788895241461416,1.1879127068273914,-5.225948264350769,1.7186564999999998,20.670994,1,0.9381676507834162
75,3218828128631345920,88.47981379191927,0.2893409988536722,1.0597115259202807,13.484254295192175,-15.256436015707955,1.7467631999999995,16.213606,1,0.999999999999913
76,3218828158695587200,88.4941746767926,0.2971554446161829,1.6056228582674812,1.4986076177179355,-9.845970909567905,2.5646095,18.14589,1,0.9999822813233152
78,3218828193055328128,88.46848386346126,0.3027050985437358,0.15494438854908985,3.616678529502795,2.546465394183667,1.9471264,19.105696,1,0.5035123351595915
81,3218828197351393024,88.4734717422629,0.29265238738578586,3.76261617351524,-2.3289361730232128,6.187050832163035,1.5840397,20.750322,1,0.9999849894839028
84,3218828261773902080,88.4330634232806,0.289934381412933,1.6077092916411724,11.542306704576257,-7.108590490955456,2.430973,19.906971,1,0.9999999999971044
95,3218828364856343296,88.43302054116344,0.3065253695671747,1.9609017566067104,-3.6147880925081033,-7.598234403686942,2.103716,20.436886,1,0.9999999963419944
96,3218828369149518336,88.44055736103896,0.31216020772157244,2.069283095906276,10.897137648476072,-6.953140954013662,1.5947247,15.294238,1,0.9999999999995844
98,3218828369149518592,88.44237839507669,0.3103726212335695,1.2186822097789989,-7.594888135639322,-8.90705578895189,1.6645708,15.978573,1,1.0
101,3218828399213758592,88.4581809659906,0.3038348539173,1.3904846871164944,6.07544056726706,-9.7013170259001,2.7066498,18.050634,1,0.9997672991687736
102,3218828399213758720,88.46229245860745,0.3040499518599499,-0.08299429776965912,-5.218528787180719,-1.7184836898041251,1.7256527,17.598469,1,0.9962503347579308
110,3218828467932068352,88.44685800980966,0.3178579027540201,0.6914623118571348,4.866700739713592,-15.653236995634785,1.59725,19.547606,1,0.9999999598339651
125,3218828609668251648,88.4860186490005,0.3153197009851698,2.222462392086704,1.4008791395394107,-7.569309676595435,1.6540966,18.867842,1,0.9999735579312148
139,3218828747106611840,88.51106900140378,0.33293994659332665,1.3754690348371272,-1.2785664023498438,-8.25700964606942,1.9444933,16.54559,1,0.9999721523559256
160,3218828914612249984,88.47530186258952,0.343003581571545,1.0002942219340036,0.16870083776876638,-11.898886307155113,3.19174,19.792927,1,0.9999999064690436
171,3218829017687894272,88.49418148807513,0.35634251194942285,0.9466228975066372,3.0700723047810694,-7.941554125193328,2.2510948,19.422173,1,0.794248225986418
173,3218829017691522816,88.4999597402762,0.3531338685877209,4.772011156488592,1.5450266251495717,3.2066786267003,2.6945095,20.837044,1,0.9999999999999982
194,3218829739248427136,88.38024820807415,0.290425666708992,1.45032181297422,3.152772567293284,1.2518177527178709,2.0244446,20.638609,1,0.5125994958095642
212,3218829846618288256,88.39045354156471,0.29538480487981944,0.6988418747377936,1.4591116416123233,-11.69188583768416,1.9694204,12.775772,1,0.9999830546192308
222,3218829945401981056,88.37024248136356,0.2960889734425226,0.7683062461531414,1.9053084968950864,5.418723388456619,1.9205971,18.836653,1,0.5107020548661924
231,3218830014123635456,88.34390520411785,0.306160678902102,0.6937269889983853,5.347136903474984,-9.34107083691388,1.595232,20.55202,1,0.9272017636864054
235,3218830048482784256,88.37062160805809,0.30243010846402385,2.7375183927162463,-10.174881471704827,2.44470452101392,2.9197502,19.704268,1,0.9999999962441991
236,3218830052776722176,88.36993305160883,0.3035882065300856,1.1109612124388506,4.890390560720476,8.741227230039367,2.0398464,17.849562,1,0.9999999992690274
237,3218830082840045696,88.38840455038465,0.3171107528119312,6.576943342071598,3.5920847296959817,-3.9382860505149297,1.812315,20.720198,1,1.0
241,3218830082840947200,88.38032217539238,0.32072800735376594,2.666289256978484,0.5928793939260392,-2.5900337417760944,2.8884048,18.99142,1,0.9982286045722498
260,3218830808690972800,88.31870683352886,0.3252918282548121,6.496783872065759,46.72228612292306,-27.60948707008101,2.72583,17.133526,1,1.0
264,3218830907473496704,88.36137656878876,0.3409664529495607,1.6958033171078344,3.8086464196734084,-1.4914011579953192,2.8634338,18.681404,1,0.8481144895103895
265,3218830907474222848,88.3631783526922,0.3447009214072278,-4.205326371018734,-4.821367326310057,5.167035752029852,2.4557304,20.718094,1,1.0
266,3218830907476862848,88.3641256284037,0.3363899697424513,2.387794854207712,-4.582125122848369,1.8719143135257168,1.0808678,20.75455,1,0.8175174545103215
279,3218831049209137280,88.31796285161295,0.3439064032715313,1.1936939999560336,-0.2580915627648804,-15.998370869132412,1.669261,15.783399,1,1.0
286,3218831152287321856,88.33683781213543,0.3484887578020782,1.1276303671121457,2.0886949852751573,-15.390984856683419,2.612009,20.045479,1,0.9999999999752128
308,3218831285430614144,88.42199334378759,0.3100163740906543,0.6880956183345958,8.270419721824693,-7.446073899153715,2.2377586,19.917406,1,0.9983888857405934
311,3218831285431784960,88.42678897838684,0.3092305563833366,0.7161577831051612,-0.9678038655199328,-5.464369296751083,2.0770512,19.219255,1,0.6302657799127571
321,3218831388509830528,88.41494796409323,0.3304636943706241,2.4969269758078987,0.7844235661359913,2.0511855858032804,1.3691597,20.623388,1,0.9303064288621896
329,3218831461525962112,88.4489406602377,0.3329191995891791,3.363849719134887,-4.894162002625638,-7.589666071006513,2.6321964,16.743694,1,1.0
341,3218831530244379008,88.43128707169208,0.34331364113243085,2.0527751795114453,2.1267877789738323,1.703956563155089,2.2305145,20.201534,1,0.847522867862338
351,3218831629030749312,88.3845107445167,0.33297761710580426,0.7876043399683195,-1.7987411884902138,-4.496626228149793,1.7691574,17.598116,1,0.5866448064205343
355,3218831663388015744,88.39953701356609,0.3455886960792939,0.758943377998698,6.807620167343528,0.5397728605173353,1.9438305,20.373924,1,0.9997955089948224
358,3218831667684404736,88.39500868686689,0.3428362124871925,0.6576797178825144,28.183236415326533,-41.75688278546959,1.5353384,16.183101999999998,1,1.0
361,3218831702044135808,88.4175801832527,0.3455245232336298,1.1342603863328808,-2.9493801948312286,-10.628667505955054,2.1025143,17.842973999999995,1,0.9999999999308056
382,3218831835187614208,88.4627002653542,0.3413888640963463,1.22742851409493,5.051922486297532,0.07661320195699305,2.1901588,19.34814,1,0.9699464321430418
388,3218831869546448128,88.46300449069811,0.35357503317302336,0.914761739781456,-2.7085866426020355,-6.080665521995988,2.2229443,20.068335,1,0.9986456653055108
396,3218831908203134464,88.45004745333063,0.35264826848887404,-2.561530183558657,-0.7886348441687633,0.8493575807810629,1.7022133000000002,19.976736,1,0.9999950403708442
400,3218831972625401216,88.48499031514645,0.3673993294907424,1.1431760528958301,0.06617676724013348,12.038795122373354,2.291338,18.617931,1,0.9999761808491704
405,3218832006986321536,88.49456991609495,0.3662189617242118,2.700564550485086,12.539425432778428,-5.605807875612115,0.12169075,19.96125,1,1.0
410,3218832045640403712,88.46713609099544,0.37452709142720336,1.3952712505601963,0.4333712603512233,-5.501189826406233,2.1239548,20.037188,1,0.7267284756035398
413,3218832045641494400,88.47012433236453,0.3718899237943104,1.7275560205882043,-3.1495121884413857,-8.768576603622384,1.3280125,12.579585,1,0.9999999980111659
414,3218832075704888832,88.48428379597738,0.3757827708497597,3.057798214665725,2.1716597719733883,-1.7331529522083151,1.4269485,20.670288,1,0.9999889163098972
415,3218832075704890240,88.48423379096754,0.3804566854473084,-1.5001432287697374,-11.55803159770098,-1.5180132598998226,2.4978104,20.234703,1,1.0
418,3218832075708200576,88.48464940523027,0.37533412256395465,2.273869703353059,0.6263913093489504,3.3208798277152205,1.9551849,20.825483,1,0.7586716874209932
423,3218832110064618240,88.44076336186163,0.3596075654119679,0.8389455816515781,6.0832573048281695,-7.941418725660754,2.1147175,19.230843,1,0.9405382092233536
424,3218832110065529728,88.43913109839252,0.3568232515130146,0.4400145962593137,2.0992103949079444,5.057786822022057,2.0405197,19.197954,1,0.5283644125645697
438,3218832178787290368,88.42700171644772,0.3734326140019509,0.4556719497629325,6.167763542556758,3.136808952514265,2.2338467,20.010866,1,0.9999719308881851
442,3218832213143577472,88.44197073534697,0.3819015413568777,2.6106309034037003,5.5866464180206,-2.234156023467662,1.6346569,20.569845,1,0.9999996534270428
445,3218832217440189696,88.44083771311806,0.3906999789530761,1.111081060616594,3.0505261286596252,-7.092591478611243,1.6649246,16.172937,1,0.7090770160375321
453,3218832251799927296,88.45711606441357,0.3774676302230648,0.9782057701728544,-1.4161055568709555,-6.578629459289321,1.7963828999999998,17.357882999999998,1,0.9886992755578154
461,3218832316226283392,88.44749106884339,0.3914772768572517,-6.907897865673747,6.046467958194434,-6.600073432678777,1.4303551,20.858658,1,1.0
488,3218832556742140672,88.40461991722543,0.3752910796627448,0.9693221407835906,-3.358839029756735,-9.932666001508872,2.0783787,18.460579,1,0.9999999996144328
500,3218832625460704768,88.39979633775442,0.38164755311163134,0.9023067082419004,0.8697681294277083,-6.773448540266262,1.6425246999999998,20.603369,1,0.6364196278025818
503,3218832629757068416,88.39435813986778,0.3764539386679427,1.2906339814272405,1.0327045679295308,-5.9591829130306575,1.1791143,13.074302,1,0.6692469499147866
519,3218832728542960512,88.34011767966624,0.379860132932845,-1.7904474186618085,-0.86400022577658,-8.15507572375026,2.2184086,20.85595,1,0.999993616271666
520,3218832728542966272,88.34383574459841,0.3795458639219784,1.8440426582448324,1.47249875786008,-6.9570378635117125,1.7374592,20.569174,1,0.9969933866894536
523,3218832767194980992,88.3581791507583,0.38265933275297703,-3.349297444465773,-1.3526818810401158,-3.1375370425895026,1.6639671000000005,20.52205,1,0.9999999999602168
527,3218832797260317184,88.37316736014586,0.38594779081214414,0.6248818170990112,6.1044796322041215,-5.090806497650009,1.876442,18.299746,1,0.6810384567597785
529,3218832801554703616,88.38080983120855,0.38202412566235583,1.5898007328785766,4.679120943341155,16.224092321159937,2.0669804,20.743158,1,1.0
536,3218832865979804288,88.36503137004894,0.39857244720567614,1.0287192017031768,5.9639734054586935,-6.343484720214591,1.8650799,17.208567000000002,1,0.9356373316489504
539,3218832870275243392,88.35566564137604,0.3919799572510385,2.7570699961421363,11.104721547512488,-20.77395261408854,2.1091824,16.180307,1,1.0
544,3218832938993624832,88.42104764401049,0.3887624958216282,-0.3569478706647289,5.327516224508202,0.9049630320294888,2.3757,19.61315,1,0.946569095103404
547,3218832938995285120,88.4266561032811,0.3828099653087837,-1.7360335008004375,-7.137869335914482,9.027494677353767,1.9093895,20.744762,1,0.9999999885170076
553,3218832973354438784,88.43028308420452,0.3840442552424141,-0.10545224158662728,10.344870285849607,4.272050724386803,2.3631344,19.635612,1,1.0
559,3218833037777574912,88.41171862198702,0.4022605477777868,-0.3397578973084338,-0.7180424386262595,-7.755602314800543,1.6349258,20.375288,1,0.9860738140853259
578,3218833145153118848,88.4301625107553,0.4183576808201496,4.134223443875483,2.9392283999938416,2.0732157493380283,0.9244013,11.622105,1,0.9999999999991882
589,3218833213872610304,88.40078806022301,0.4024900416785577,1.885238076169166,0.3513586322743879,-11.766598814525429,1.5957546,15.873627,1,0.9999999993208436
592,3218833243936932480,88.40982887604672,0.4072101646569328,0.8203075114634499,1.8056821882539384,-14.173972862437315,2.7567997,18.822754,1,0.9999999914419088
593,3218833243936933632,88.40584522923972,0.4081079509284315,1.4883855947059241,3.1294124491221065,-16.77692977422357,2.3807125,18.099995,1,0.9999999999999112
594,3218833243936941952,88.40451178613544,0.4171096775358755,1.7571625845881944,17.400575423239697,-7.120375463357116,1.8951168,16.151346,1,1.0
615,3218833385671472768,88.42698472699716,0.4217619715479404,1.9253964166927355,4.746024020945996,9.934526538602688,1.8009881999999997,15.558385,1,0.9999999999995896
618,3218833415735456256,88.40710433563137,0.4275612167602834,2.7115602486391093,-3.2712810670060914,0.8732530008745715,0.9593477,12.742722,1,0.9712964364644268
628,3218833828051532160,88.5594194606306,0.3432594077593775,-0.4769461590729242,5.426346455962576,1.4073206202994832,1.8947868000000003,20.43831,1,0.9882718936227308
634,3218834588262122752,88.54592638450762,0.33962389233442425,3.2704914720160025,26.233650503111853,-7.790490873224816,2.0351076,15.730757,1,1.0
635,3218834618325518080,88.56549610025637,0.3562007682252465,2.6330405859154054,-1.9264331115565008,2.271289976312142,1.9971085,20.35793,1,0.7554852734625316
637,3218834618326428160,88.55401293981396,0.3517250934637165,0.8695155372561044,7.275848780404545,-1.260803692758984,2.2511482000000003,18.385906,1,0.9997614141410068
652,3218834824484877568,88.56777046472202,0.38019275975936856,0.37217320532997694,-1.7253866813807206,-6.483304075490791,2.1155605,18.840118,1,0.9766624802832214
657,3218834858847124608,88.5321780166003,0.3650374473952476,-2.4109344434797046,-2.3909419162191585,2.37738106653652,2.399002,20.763727,1,0.9999984779974496
658,3218834863138916480,88.51951421159784,0.3633246930474305,1.6580001465095984,-11.716762782575607,-21.477975513776784,2.248228,20.115920000000006,1,1.0
675,3218834996283566976,88.5482824932276,0.3773293847464243,-0.3125839244574363,-3.479124798500148,-3.4649973257776083,1.9803982,19.263601,1,0.9679981955166701
685,3218835069298446720,88.54080180835409,0.3901116104335474,1.0473209941821344,8.194089907119267,-11.695938656010144,1.9299374,15.468072,1,0.9999890786078072
687,3218835069298648064,88.53492143798508,0.3944008679400723,2.4119431472926744,-2.0456175302667416,-2.124937343096988,2.0127716,16.116095,1,0.9862900101895584
691,3218835202440817920,88.58443820996824,0.3907960327183244,0.7506809277770562,6.47493726989864,-4.438471665483081,2.4111042,19.529402,1,0.9237187927768954
697,3218835408600449920,88.56826208664906,0.406519650694884,0.4764926175536443,-4.706146658441586,-13.808685354913848,2.0466728,18.047403,1,1.0
711,3218835511682236928,88.56612289189371,0.4198961338028437,2.3644846179593686,1.5023670121745347,-3.867498893877485,1.4484291,20.492376,1,0.9949935087312408
712,3218835511682241152,88.56736671817544,0.4170124590816775,-0.5880422603671326,7.824463379033924,5.058934955527197,1.2803878999999998,20.750061,1,0.9999999999921468
718,3218837886797002624,88.50889809829347,0.3847933416668387,0.4010544778596253,4.2839390767822145,5.714991501772035,2.4707813,19.750978,1,0.9998770463104462
720,3218837886797006208,88.502694110918,0.3779180634769729,3.4429596262620135,-8.488631637575345,1.4508199955237662,2.1046753,16.511929000000002,1,0.9999999982548538
727,3218837951223472896,88.48982611412632,0.389438877209728,0.5195319115700845,6.4616032772914185,-0.6788041501755974,1.7327023,20.721994,1,0.9921686852592332
736,3218838019939636736,88.51958181531971,0.3996713900327644,-2.105733439031489,-0.5773315295752992,-1.768436490402782,1.6691188999999995,20.603209,1,0.9985971291565864
737,3218838019940563072,88.5220933958733,0.4031845662104813,0.6627499034311759,7.338782533821988,-0.2792354990081916,1.9740925,18.12907,1,0.9999209314855679
739,3218838024234802816,88.53345710801183,0.4019622900248401,1.9225509924289192,6.004422246214036,-1.6409238427209374,2.6470127,20.10243,1,0.9999541671955636
740,3218838024235945472,88.53335921489521,0.4016547623016979,1.3841296982990987,7.275889653632034,-3.215335689244034,2.7796173,20.232773,1,0.9999098153275396
750,3218838123018870656,88.5186494516967,0.42112459483801595,2.691396336249725,-4.126098564045203,5.149831252429989,2.3941631,20.588396,1,0.5779909416757286
756,3218838157381898240,88.48754469027105,0.4043224677152181,0.3775155486719014,4.750066121786691,3.034189802652228,-1.0315113,20.700378,1,0.9913693968454228
757,3218838161673799040,88.47902042761591,0.40132988802757424,2.488826492206808,-9.42101176372952,-1.7316323225592671,1.41185,20.733793,1,0.9999999999980976
779,3218838260463809280,88.48767616449238,0.4138363026765765,-1.6607494043433515,-0.01785703735876203,-0.15217946448615044,1.562727,20.504282,1,0.8695321729003158
800,3218838402191913856,88.50576859888659,0.445754326051891,2.2433057330656574,21.16476590690295,-6.6005204479502275,2.4860363,20.390654,1,1.0
806,3218838432263811968,88.55117489322193,0.413253091006646,0.6547612105538397,3.368240922363221,-8.004440323971341,1.9369087,18.14692,1,0.5164030823864719
834,3218838638417379840,88.56023443263254,0.4521957602424437,0.9378404430157162,-0.8992543786053734,-18.540321780006995,2.8424873,19.39558,1,1.0
838,3218838672774420736,88.5724216773636,0.4579315378360743,0.6896850409162808,-2.3098308536800642,-4.578329808694493,2.395855,19.565088,1,0.7635169831067864
840,3218838677070951424,88.57176759900952,0.4623606552599326,-1.885988081411352,0.2818002867943455,0.3579396057440081,1.6151981000000002,20.50103,1,0.9820529951136444
844,3218838741494615808,88.53068686591259,0.4476697667771629,0.7069668442287171,1.4275989774752502,-9.481486236744075,2.1497707000000004,20.627878,1,0.9909389425240328
849,3218838775854857984,88.51271997137621,0.4506547082862621,0.9898015283757908,7.7782689595686545,-6.2236544752894725,2.0367432,18.432707,1,0.9992884888344659
852,3218838780149019904,88.51847424575344,0.4547936342132693,1.9598566061811105,-4.11653746566683,-3.4282841470426537,1.7540245,20.666079,1,0.9995988455340356
858,3218838844574359680,88.54726506709345,0.4637368150525821,4.628738188184532,2.4868854018908912,-1.3465766793617835,1.8891888,19.42886,1,1.0
862,3218838913292932352,88.53499158509031,0.4715167885643117,2.633888913944116,18.558729915032032,-30.967472313024288,2.5477448,19.670023,1,1.0
890,3218839089387841408,88.46797680659006,0.43631531699680937,1.7787634527740164,-4.249551073118399,-0.4389685911067289,2.6956615000000004,18.670616,1,0.7471714958870446
899,3218839222530565120,88.4829248926901,0.4616404087292137,4.223694625981674,9.868967755986043,6.21713679599029,2.9584923,19.109165,1,1.0
908,3218839261187136512,88.44690485710055,0.4351849390524752,2.019016157186157,7.9543834386339975,-25.485335484402928,2.2548676,20.15029,1,1.0
912,3218839325610423296,88.43668422101517,0.4472582729625655,3.1025315537539826,-4.106694868922655,-13.54750276273593,2.1068363,20.82654,1,1.0
913,3218839325610665984,88.4318209715513,0.4477205127629393,4.033275377393831,6.9938332948847055,8.927654824360811,3.118702,18.836863,1,1.0
918,3218839364265751808,88.43464284102781,0.4527305634821549,0.8647169051025306,5.066396761460547,-0.9536532648747564,2.1367035,15.570582,1,0.7938651045581473
924,3218839432984552832,88.47226338819445,0.4733620908807382,2.940443181453813,-3.4051326952788044,-7.182429134821635,1.7547264,20.783884,1,0.9999999999885124
936,3218839531771489792,88.51024317135138,0.4576123728958658,1.834576808378184,8.481175540269989,5.3468059584002186,1.7738628,20.7813,1,1.0
938,3218839536063276544,88.50125259350928,0.4533713657804149,1.4383272371694455,3.759780763039793,-5.4124289272469985,2.335205,20.258074,1,0.816198940777307
947,3218839634848377984,88.50535924431652,0.4784332667571429,0.8367938377238154,-5.906741917092536,-6.067274912374541,2.4696827,18.81556,1,0.999999991055372
961,3218839806646137728,88.48740550302942,0.47737082539541104,1.7811261527465807,2.260029815980082,1.6951661312314663,2.0473557,20.252102,1,0.6720223368343577
978,3218839909725742976,88.48661609100162,0.4904120957000474,7.035222136297139,1.615540646250579,-2.0638976754590432,1.7598933999999995,20.750677,1,1.0
982,3218839944085105920,88.50307856905116,0.4929478172684111,0.5818425469998876,-2.6500216797054663,-6.7890068093880584,1.5883427,20.408348,1,0.9993476520625324
984,3218839944085742592,88.4975462339979,0.4931311728520759,1.0555657447821332,1.8812471362763683,6.610281214313406,2.0231657,12.16574,1,0.9744459422766512
993,3218839978448092928,88.51184363300753,0.5011473428713761,-0.04658774693265731,6.465802882142709,-11.293305142940671,2.7461967,20.691786,1,0.9678994431265836
994,3218839982741013248,88.50940235245498,0.5045316200834484,2.327488417821464,17.144387333680818,0.6915690717021571,2.648428,17.279825,1,1.0
997,3218840047163986560,88.5115303085849,0.5147074485902373,-0.17344205427261686,11.689810942769457,-12.01032817334523,1.6333008,19.589693,1,0.999999288426774
1004,3218840360698129408,88.56790840094155,0.4748163298997872,0.5220362473699562,-2.0758634098138002,-7.184771560372341,1.7058067,17.481022,1,0.9983295088654752
1008,3218841181036632320,88.54951234477892,0.4952599172133339,1.2740024489574746,-9.734268613848123,-7.193403664451425,2.3308258,18.196257,1,1.0
1010,3218841185331848960,88.55367010452345,0.4924783994337944,2.2947941493723083,-13.306951482423365,-17.047587085146393,1.5282469,12.739251,1,1.0
1014,3218841249755543808,88.53413292530365,0.5020260370262593,1.9554025278722056,4.5893119527837385,1.176971890184138,1.8147125,20.853958,1,0.9997549468739554
1015,3218841249756121216,88.53281971436616,0.502541758718888,0.991022625642482,4.799633446553701,1.3822637662792674,2.144596,19.239113,1,0.9818343610090254
1017,3218841288409867008,88.54736269405376,0.5096482892265485,1.0589059126978766,14.7742921719544,-61.4445198405157,1.9627266,20.387096,1,1.0
1024,3218841524634055680,88.52193716545973,0.5179757783412339,1.4228529808532535,-11.794461133552186,-9.70046549084048,2.452898,18.295025,1,1.0
1042,3218878220833510528,88.2976183982976,0.3648187696769061,0.3852083608166131,-3.674034859276659,-4.731426345390575,1.9438858,20.623327,1,0.995993057829012
1043,3218878220833513600,88.29328324974527,0.3696010343430518,2.2121505090908147,1.9692703247051613,-0.8206479505148728,1.5873431999999998,20.467552,1,0.8913146640702424
1054,3218878461352616960,88.29436700360705,0.3969191874830968,3.1648511470038847,-2.135143182282307,7.54587255325142,1.95228,19.90528,1,0.9970140320244116
1061,3218879668238323328,88.32751469279967,0.3769930983168693,-2.4147424010496503,1.488708482707631,-0.4269474482400135,1.7819786,20.581192,1,0.9996414855514516
1076,3218879767022674816,88.3270093036936,0.3961523611423642,1.5885297885859115,12.234114769568414,-17.74485457006897,2.2356224,17.380173000000006,1,1.0
1078,3218879801382414080,88.35172020503744,0.3979448130798247,1.348471845002265,2.1488749035185712,7.782137474451994,2.382864,18.168427,1,0.9991120114281656
1080,3218879835741240448,88.36168572561218,0.4122822763345288,1.7825827479537055,2.903340618837511,-0.4900018348265872,2.1107407000000005,19.757828,1,0.6917836671032358
1104,3218880041899680896,88.30904487881784,0.42214091290174505,0.8909191297817334,-1.0356806366439473,-7.7690545313946116,2.5249672000000003,19.770674,1,0.9979705224838537
1123,3218880144981881344,88.32273376590292,0.4284108494368602,1.1090963957071998,4.109966013491052,1.4756241657900335,2.2837791000000003,20.774084,1,0.8457979040126457
1126,3218880149275236224,88.31549305221978,0.4323188405789532,1.1960226704871562,-8.409289616205282,6.9580102779601045,1.9141731,15.92443,1,0.7660656202147405
1128,3218880179338651776,88.33077857484602,0.4340374361610209,-5.545636693075423,-0.2193468457364102,-3.3340210042537923,1.0847091999999998,20.523458,1,1.0
1132,3218880217993620224,88.38125214634874,0.4225596746429238,2.8457528618017807,-2.685024707841207,7.008864700056018,1.234251,20.78953,1,0.9077602066404948
1133,3218880217993631488,88.36718470781751,0.4189869633520328,-1.9733343149886224,-1.388153379242132,1.2419216554030692,1.6576137999999998,19.289337,1,0.9981494804353228
1146,3218880286714175232,88.37029253858334,0.4260970955929674,2.476451636800669,-6.655499353072798,3.035073851332482,2.9020462000000005,18.749094,1,0.9863232937970144
1148,3218880316777613440,88.37828917272823,0.439181955466238,3.180489737881496,-0.17748907804714936,-0.7874029081499334,1.6605186,20.877996,1,0.9999305729518638
1154,3218880351137363072,88.39751350139326,0.4455598621944177,4.920661803703653,6.180683851612476,2.668634768521938,1.5821915000000002,20.676422,1,1.0
1157,3218880389793370112,88.4093065080106,0.4506242970120482,-0.08416983443720306,-11.273757239464985,4.4667948160729285,2.559536,20.291302,1,0.9999999989268941
1160,3218880419862520832,88.38056255954821,0.4433230919601723,1.1326347379320627,6.049676120184836,-6.909954678540378,2.6082191000000003,19.550533,1,0.9807053475743276
1163,3218880454216607872,88.39664844648897,0.4632751123964357,2.35411114473476,0.21447676186219555,20.84418142546325,2.5129185,19.848001,1,1.0
1172,3218880492873186944,88.3525145939176,0.4384927683996239,2.4959793673903863,4.364115283093892,-4.434883808877989,3.1112976000000003,19.455511,1,0.999981129886438
1175,3218880557296719360,88.33847990707343,0.4546716514081982,1.575089164714075,3.3746380102819566,-3.1223215035819383,1.8383255,20.232504,1,0.6454283610033689
1181,3218880626016203392,88.36922573472044,0.4591844206071409,3.7393726486755465,-20.22736301406553,-3.795589725415212,3.0853157,19.099583,1,1.0
1184,3218880630311545472,88.3810716701238,0.4552583707075014,1.1474337612455612,-0.2265847831068105,-7.43117594249173,2.850616,8.750185,1,0.990388389129494
1187,3218880660375041408,88.37879031295479,0.464618333159631,1.3017871448281,-1.4921639294357243,-4.496840963406908,2.2084389,19.375664,1,0.7790559032568111
1198,3218880729095442432,88.37452278825874,0.4688009785953449,2.238031844577843,-0.027860692497464846,20.997800555075642,2.8830720000000003,19.215239,1,1.0
1215,3218880900894077312,88.30358883589247,0.4360458181810536,1.341653002383716,5.281453928622269,-14.91453944256159,2.0727654,17.482601000000006,1,0.9999999943322492
1217,3218880905189677952,88.30534262840736,0.4391935789117579,3.2114001737323896,2.0366300463593534,-18.10291090428098,1.6744537,14.465435,1,1.0
1221,3218880973908959104,88.29981343359619,0.4406117756205336,0.8325990151640571,4.691922915976523,-8.368236088890919,1.7038851000000002,16.158985,1,0.84696503162337
1231,3218881381930463616,88.32470823912197,0.4652628755077707,1.2432842932085866,4.811033479398755,-7.846426269827697,2.5128021,18.362627,1,0.976383963728396
1233,3218881381930475904,88.31668724901691,0.4697926737629721,2.818541036436966,-5.357150134804471,4.567679255359686,2.060978,18.001534,1,0.9247321185989588
1237,3218881450649967360,88.35273915315979,0.4750507686831138,0.9257847095985884,4.799835822286375,-5.362160460210246,2.1375256,19.124239000000006,1,0.5078314892867795
1243,3218881523664746496,88.33926875750855,0.4833176149383616,24.33145931971732,148.3942875257918,-245.46083286415265,4.1550684,16.915443,1,1.0
1248,3218881588090869760,88.31008961945341,0.472826375199276,0.9165934285197828,3.2384294066525787,4.111964930018542,2.9919472000000003,20.488266,1,0.9299243931874912
1249,3218881622447730176,88.31913099496349,0.4764823222564244,1.997973466905119,1.474416608423553,-2.778550023964514,2.4256115,20.383944,1,0.8027475307738249
1253,3218881691168164480,88.31348248041435,0.4925963884326388,3.0315367979524015,-1.7983166351844553,-0.6875889727356177,2.6463203,18.193027,1,0.9996078421531824
1262,3218881798542650368,88.32466110730967,0.5050952715636191,2.909358343428248,-7.716773837371501,-45.504131241500644,1.333911,14.398029,1,1.0
1274,3218886329732269440,88.41131952927408,0.4686982882042509,1.6316769928345085,7.793438230997538,-10.063920356996986,2.3850079,20.367233,1,0.9999992391983292
1290,3218886402747571584,88.43196862709797,0.4768067931840755,0.8138329365498723,5.3651278724414615,1.3383540425697835,2.0776348,19.222336,1,0.9942074220357628
1295,3218886471465910400,88.42363242340934,0.4879178920179858,1.874274284068984,2.1742782149055637,-0.6440963925374111,1.6175194,20.40028,1,0.6162440742506415
1306,3218886570251001088,88.40828344509697,0.4854369444420789,0.9441774759707108,-3.204278942110172,-5.08283464422889,1.9697437,18.055687,1,0.9956597785482711
1327,3218886677624339968,88.4180548724608,0.4940806843221092,-1.4679807457413812,-4.26426391205324,4.537765548724948,2.1482964,20.565233,1,0.9989345258612176
1329,3218886711985209344,88.42750807143706,0.5114710664362427,1.896340099107409,3.715609430917544,-5.256165925651638,2.2070923,17.087862,1,0.9934228853299056
1335,3218886746343816832,88.4096626664003,0.5014937966208914,2.032364919854631,-24.231987016466785,0.9829003670163944,2.6394691000000003,19.574352,1,1.0
1337,3218886776408518656,88.41561309485029,0.5166942908730122,1.1620065829302022,-7.109040423094593,-2.9673510671256462,2.3416882,19.940943,1,0.9999996229808978
1341,3218886780703537536,88.4239120453153,0.5167677300067862,1.7420249376488002,2.692288514305089,-5.263843832100152,1.6524371999999998,20.621473,1,0.945361948444984
1353,3218886879488317824,88.46158672164991,0.5034789899305054,0.9853146148106998,8.140385758201209,-8.103791819570226,2.0924854,20.473381,1,0.9998244394605862
1356,3218886883783896064,88.44956552112131,0.5073497136954367,0.8462864376022926,0.7606772972010173,-7.5148914067286645,1.569871,16.229448,1,0.8843704434623604
1359,3218886913848433408,88.4662293174398,0.5148080473693502,0.8927871215563071,0.2046873104078981,-7.285520477999746,1.9753284,18.428095000000006,1,0.9268529918780034
1361,3218886913854664960,88.46143456534323,0.5162239326201327,1.7408200194316352,4.752464230098322,9.917957999871607,2.1346226,20.44216,1,0.99999999999957
1363,3218886918143632384,88.46075638335617,0.5062884517601007,2.1265779564604084,2.45496003272642,9.680197829065543,1.5415249,15.007994,1,0.9999999741076009
1370,3218886982567918976,88.49564004798378,0.5204107171504917,0.3885079370564304,6.399308268059765,-7.291711041484477,1.4764004,19.306288,1,0.8067069323981587
1387,3218887188725405312,88.43816807639831,0.5389115478963382,1.5640486636359432,-6.967020418342915,-3.216615864107085,2.6637516,19.500978,1,0.9999998652618242
1390,3218887188726369536,88.44580701401155,0.5345180425514022,2.7905507092106845,9.369107725351217,-17.738085691702786,2.2606611,16.747053,1,1.0
1392,3218887223085136640,88.46236118381941,0.5343582119464161,1.1962032633781872,7.427644216305512,-4.395506358487265,1.9376564,20.283226000000006,1,0.9998171703848222
1395,3218887227381272576,88.46519993580236,0.5293398577466512,0.9436586392972546,9.32699657421002,-6.643214541697772,1.9581451,19.939438,1,0.9999969134394828
1397,3218887257452050048,88.46862805085009,0.5437733382479409,2.7186347670474182,14.499743935443885,-13.703509664276107,2.4122220000000003,19.74303,1,1.0
1398,3218887261741006080,88.47922195046075,0.5385058755970339,2.2084132032888872,3.309268308000362,-2.308488596923161,2.915451,18.409185,1,0.9961811961826164
1404,3218887326164374400,88.4635770213871,0.5482737154943177,2.615402059075668,6.6974905849576665,0.16199100751860793,2.5569,20.072628,1,0.9999999998036522
1406,3218887326165340032,88.46889761932427,0.5473532508435642,3.58046120219459,2.4072060213598587,-1.9166797983691728,1.6346684,18.69873,1,0.9999999960476664
1413,3218887429244476800,88.36384244802021,0.4976328029047677,2.9816495032389145,1.8365073771851768,-0.8363629908883122,2.1312618,20.932804,1,0.9999539407776848
1416,3218887463603285248,88.37706928393406,0.5153683518330775,-1.5031883070504637,1.1583498858914876,0.16273459877371052,1.5923233,20.79519,1,0.6861871323479132
1418,3218887463604238720,88.36946035566721,0.5096522457560879,6.8789995940731945,-20.8145673819041,-13.058866667382315,2.9656725,16.953301999999994,1,1.0
1419,3218887463604251008,88.37384033847403,0.5174790459568023,1.1066097731794655,3.847207984705127,2.1294485473494333,2.5200253,19.243538,1,0.9209613216509712
1429,3218887532323739520,88.40697723072134,0.52649885381716,3.8867892616749775,30.257806764512768,-17.794951520181858,2.9991608,17.462135,1,1.0
1434,3218887601043233408,88.39678284475245,0.5377267309344175,1.204168337744385,12.622005399191895,-0.2580006237853407,2.0345306,19.88612,1,1.0
1438,3218887635402937344,88.35058311556818,0.5144765558039782,-1.1879387739721208,-7.2673801074191235,0.8905436242243484,1.102129,20.800293,1,0.9999998173295352
1440,3218887639698161920,88.35563724062746,0.514515661883274,1.817252101893809,15.514297359294035,-12.641984996054894,1.8310709,14.6004505,1,1.0
1442,3218887669762679296,88.36004956326674,0.5166529819091341,0.7614477622412341,-5.721558285526911,-7.562160219823617,2.3592548,19.1592,1,0.999999999912676
1443,3218887674057411456,88.35669750721638,0.5193279492912469,-1.362676789421411,2.3427795509419562,0.5202036384884006,3.6390495,20.750124,1,0.698674758346854
1446,3218887772841904512,88.37553670532719,0.5251890726205913,0.5873743601111523,7.391648308775082,-13.567021663661466,2.3341942,19.604332,1,0.9999759324131604
1451,3218887811496838144,88.38578583633753,0.5424779656836117,2.455886439918746,-4.365087448153339,-21.12607748571805,1.9889126,16.345684,1,1.0
1452,3218887875920188416,88.38029336252515,0.5482977735853474,-0.9192506934930028,-2.2833605672685526,-1.4825434669321955,1.4329529,20.670015,1,0.6210301717722971
1455,3218887944640621184,88.43637152158182,0.5398755183637813,1.5889754572177126,-4.826007539598768,-3.0543350615806,2.5143833,18.211803,1,0.99938800760654
1466,3218888052014991488,88.44708768617134,0.5534647900690757,0.264983991594914,3.433360155101312,2.663323591355391,2.1281672,14.255729999999998,1,0.6939203252237313
1470,3218888086373554176,88.44769660011666,0.5561378576003914,0.6660556635097276,12.239419391233747,7.625728264298023,2.4188957,19.73458,1,1.0
1473,3218888185163445888,88.39747536997818,0.5498914309338873,-1.9944139971047905,-3.6485714643723655,0.6869831577271059,1.2296352,20.693106,1,0.9999864883547908
1477,3218888219518544384,88.40894709825552,0.5531069382506464,0.5096167501447686,5.946326712572935,0.12513557134950185,2.0673447,17.8081,1,0.9943723523546348
1479,3218888460038016384,88.50323235805651,0.53272940796839,3.788727179726013,2.4793376806080047,-7.773668101246806,2.0679169,20.62998,1,0.9999999999999628
1483,3218888528756174336,88.49056924641478,0.5400903757207358,2.748021593329429,1.1823818834280535,6.437991949909098,1.8294983,17.413723,1,0.999960902941631
